chunk_id,doc_id,title,department,access_level,text,created_at,updated_at
DOC0001_C01,DOC0001,Политика информационной безопасности компании,IT,internal,"Информационная безопасность компании направлена на защиту корпоративных данных, клиентской информации и внутренней инфраструктуры от несанкционированного доступа, утечек и технических сбоев. Под корпоративными данными понимаются документы, исходный код, финансовая отчётность, коммерческие предложения, персональные данные сотрудников и клиентов, а также любая внутренняя переписка. Каждый сотрудник несёт персональную ответственность за соблюдение правил безопасности при работе с информацией.",,
DOC0001_C02,DOC0001,Политика информационной безопасности компании,IT,internal,"Доступ к внутренним системам осуществляется только по корпоративной учётной записи с обязательной двухфакторной аутентификацией. Передача логинов, паролей, токенов и ключей доступа третьим лицам запрещена. Использование личных почтовых ящиков или сторонних облачных сервисов для хранения рабочих файлов допускается только при официальном согласовании с IT-службой.",,
DOC0001_C03,DOC0001,Политика информационной безопасности компании,IT,internal,"Корпоративные устройства должны иметь включённое шифрование диска, активный антивирус и автоматические обновления системы. Самостоятельное отключение средств защиты, изменение настроек безопасности или установка нелицензионного программного обеспечения запрещены. В случае подозрения на заражение устройства необходимо немедленно сообщить в IT-службу.",,
DOC0001_C04,DOC0001,Политика информационной безопасности компании,IT,internal,При удалённой работе подключение к внутренним ресурсам осуществляется исключительно через VPN. Использование публичных Wi-Fi сетей без защищённого соединения запрещено. Рабочие файлы должны храниться только в корпоративных хранилищах с разграничением прав доступа.,,
DOC0001_C05,DOC0001,Политика информационной безопасности компании,IT,internal,"В случае выявления инцидента информационной безопасности сотрудник обязан незамедлительно уведомить IT и своего руководителя. Сокрытие инцидента, даже если последствия кажутся незначительными, рассматривается как нарушение политики компании. По итогам расследования разрабатываются корректирующие меры для предотвращения повторения подобных ситуаций.",,
DOC0002_C01,DOC0002,Процесс онбординга новых сотрудников,HR,internal,"Онбординг нового сотрудника начинается с момента подписания оффера и включает административную подготовку, техническое обеспечение и адаптацию в команде. До первого рабочего дня HR формирует карточку сотрудника в системе, инициирует создание корпоративной почты и учётных записей, а также направляет информацию о графике и формате работы. Руководитель подразделения определяет задачи на испытательный срок и назначает наставника.",,
DOC0002_C02,DOC0002,Процесс онбординга новых сотрудников,HR,internal,"В первый рабочий день сотрудник получает корпоративное оборудование, доступ к внутренним системам и приглашения в рабочие каналы коммуникации. Обязательно проводится вводный инструктаж по информационной безопасности, правилам хранения данных и использованию корпоративных сервисов. Подтверждение прохождения инструктажа фиксируется в HR-системе.",,
DOC0002_C03,DOC0002,Процесс онбординга новых сотрудников,HR,internal,"В течение первых двух недель сотрудник знакомится с внутренними процессами, регламентами и структурой компании. Наставник отвечает на вопросы, помогает настроить рабочее окружение и объясняет особенности взаимодействия с другими подразделениями. Руководитель проводит регулярные встречи для оценки прогресса и корректировки приоритетов.",,
DOC0002_C04,DOC0002,Процесс онбординга новых сотрудников,HR,internal,Испытательный срок сопровождается постановкой измеримых целей и критериев оценки эффективности. Все договорённости фиксируются в системе управления задачами. В случае необходимости предоставляется дополнительное обучение или пересмотр объёма ответственности.,,
DOC0002_C05,DOC0002,Процесс онбординга новых сотрудников,HR,internal,"По завершении испытательного срока проводится итоговая оценка. Руководитель и сотрудник обсуждают достигнутые результаты, зоны роста и дальнейший план развития. Решение о подтверждении позиции оформляется официально и отражается в кадровой системе.",,
DOC0003_C01,DOC0003,Управление проектами и контроль исполнения,OPS,internal,"Каждый проект в компании должен иметь формализованную цель, ожидаемый результат, сроки реализации и назначенного руководителя проекта. До начала работ формируется краткое описание проекта, в котором фиксируются бизнес-цели, заинтересованные стороны и основные ограничения по бюджету и ресурсам. Проект регистрируется в системе управления задачами с указанием статуса и приоритетности.",,
DOC0003_C02,DOC0003,Управление проектами и контроль исполнения,OPS,internal,"Планирование проекта включает декомпозицию задач, определение ответственных исполнителей и контрольных точек. Все ключевые этапы фиксируются в календаре. Изменение сроков или объёма работ требует предварительного согласования с заказчиком проекта и отражается в системе как изменение версии плана.",,
DOC0003_C03,DOC0003,Управление проектами и контроль исполнения,OPS,internal,"Контроль исполнения осуществляется через регулярные статус-встречи и обновление задач в системе. Руководитель проекта обязан отслеживать отклонения по срокам и ресурсам, своевременно выявлять риски и информировать заинтересованные стороны о возможных задержках.",,
DOC0003_C04,DOC0003,Управление проектами и контроль исполнения,OPS,internal,"В случае изменения требований оформляется запрос на изменение (change request), где описываются новые условия, влияние на бюджет и сроки. Изменения вступают в силу только после официального согласования и обновления проектной документации.",,
DOC0003_C05,DOC0003,Управление проектами и контроль исполнения,OPS,internal,"По завершении проекта проводится итоговая встреча с анализом достигнутых результатов, соблюдения бюджета и сроков. Формируется отчёт, включающий выводы и рекомендации для будущих проектов. Документация архивируется в базе знаний для последующего использования.",,
DOC0004_C01,DOC0004,Финансовый контроль и согласование расходов,FIN,restricted,"Финансовый контроль в компании направлен на обеспечение прозрачности расходов, соблюдение утверждённого бюджета и предотвращение несанкционированных трат. Все расходы, связанные с проектами или операционной деятельностью, должны быть заранее согласованы в установленном порядке. Ответственный сотрудник обязан указать цель расхода, предполагаемую сумму и источник финансирования.",,
DOC0004_C02,DOC0004,Финансовый контроль и согласование расходов,FIN,restricted,"Согласование расходов осуществляется через корпоративную финансовую систему. В заявке указываются категория затрат, проект или подразделение, а также прикладываются подтверждающие документы или коммерческие предложения. Расходы, превышающие установленный лимит, требуют дополнительного утверждения руководства.",,
DOC0004_C03,DOC0004,Финансовый контроль и согласование расходов,FIN,restricted,"Фактические расходы подлежат обязательному подтверждению первичными документами: счетами, актами, чеками или договорами. Отсутствие подтверждающих документов может привести к отказу в компенсации или оплате. Ответственность за корректность предоставленных данных несёт инициатор расхода.",,
DOC0004_C04,DOC0004,Финансовый контроль и согласование расходов,FIN,restricted,Ежемесячно проводится сверка плановых и фактических показателей. При выявлении отклонений финансовый отдел инициирует дополнительный анализ причин перерасхода или экономии бюджета. Результаты анализа используются для корректировки финансового плана.,,
DOC0004_C05,DOC0004,Финансовый контроль и согласование расходов,FIN,restricted,Несанкционированные расходы или нарушение процедуры согласования рассматриваются как нарушение внутреннего регламента. В зависимости от характера нарушения могут применяться дисциплинарные меры или пересмотр бюджетных полномочий сотрудника.,,
DOC0005_C01,DOC0005,Управление доступом к IT-инфраструктуре и серверам,IT,restricted,"Доступ к серверам, базам данных и инфраструктурным компонентам предоставляется строго по принципу служебной необходимости. Запрос на доступ оформляется через сервис-деск с указанием конкретного ресурса, требуемого уровня прав и срока действия доступа. Все заявки должны быть согласованы руководителем подразделения и владельцем системы.",,
DOC0005_C02,DOC0005,Управление доступом к IT-инфраструктуре и серверам,IT,restricted,"Администраторы инфраструктуры предоставляют доступ только после проверки обоснования запроса. Временные доступы оформляются с автоматической датой истечения. Использование общих учётных записей запрещено, за исключением случаев, когда это технически необходимо и задокументировано.",,
DOC0005_C03,DOC0005,Управление доступом к IT-инфраструктуре и серверам,IT,restricted,Все действия пользователей в критических системах журналируются. Логи хранятся в централизованной системе и могут быть использованы для аудита или расследования инцидентов. Попытки обхода механизмов авторизации рассматриваются как нарушение политики безопасности.,,
DOC0005_C04,DOC0005,Управление доступом к IT-инфраструктуре и серверам,IT,restricted,"Доступы пересматриваются при смене роли сотрудника, переводе в другое подразделение или завершении проекта. Руководители обязаны своевременно уведомлять IT о необходимости изменения прав доступа.",,
DOC0005_C05,DOC0005,Управление доступом к IT-инфраструктуре и серверам,IT,restricted,При увольнении сотрудника блокировка всех инфраструктурных доступов осуществляется в день прекращения трудовых отношений. Ответственность за своевременную передачу информации о дате увольнения несёт HR-служба.,,
DOC0006_C01,DOC0006,Отпуска и управление отсутствием сотрудников,HR,internal,Ежегодный оплачиваемый отпуск предоставляется сотрудникам в соответствии с трудовым договором и внутренними правилами компании. График отпусков формируется заранее на календарный год с учётом производственной нагрузки и приоритетов подразделений. Сотрудник обязан согласовать предполагаемые даты с непосредственным руководителем до подачи официальной заявки.,,
DOC0006_C02,DOC0006,Отпуска и управление отсутствием сотрудников,HR,internal,Оформление отпуска осуществляется через HR-систему с указанием периода отсутствия. Заявка считается подтверждённой только после согласования руководителем. Самовольное отсутствие без утверждённой заявки рассматривается как нарушение трудовой дисциплины.,,
DOC0006_C03,DOC0006,Отпуска и управление отсутствием сотрудников,HR,internal,"Перед уходом в отпуск сотрудник обязан передать текущие задачи, задокументировать статус проектов и назначить ответственного на период отсутствия. В системе управления задачами фиксируется информация о временном заместителе.",,
DOC0006_C04,DOC0006,Отпуска и управление отсутствием сотрудников,HR,internal,В случае временной нетрудоспособности сотрудник обязан уведомить руководителя в день отсутствия и предоставить подтверждающие документы после закрытия больничного. Порядок компенсации и отражения отсутствия определяется действующими правилами компании.,,
DOC0006_C05,DOC0006,Отпуска и управление отсутствием сотрудников,HR,internal,Изменение дат отпуска допускается только по согласованию с руководителем и HR. В пиковые периоды возможны ограничения на одновременное отсутствие нескольких ключевых сотрудников одного подразделения.,,
DOC0007_C01,DOC0007,Релизный процесс и управление изменениями,IT,internal,"Все изменения в продуктивной среде проходят формализованный релизный процесс, направленный на минимизацию рисков для клиентов и внутренней инфраструктуры. Перед публикацией новой версии формируется описание изменений, перечень затронутых компонентов и план тестирования. Ответственный за релиз назначается заранее и координирует взаимодействие между разработкой, тестированием и эксплуатацией.",,
DOC0007_C02,DOC0007,Релизный процесс и управление изменениями,IT,internal,"Перед выпуском релиза изменения проходят обязательное тестирование в тестовой среде. Проверяются функциональность, производительность, совместимость и отсутствие критических дефектов. Результаты тестирования фиксируются в системе управления задачами.",,
DOC0007_C03,DOC0007,Релизный процесс и управление изменениями,IT,internal,Релизы планируются в утверждённые временные окна. В случае необходимости внепланового релиза требуется отдельное согласование с руководством и уведомление заинтересованных подразделений. Все участники должны быть заранее проинформированы о времени и потенциальном влиянии изменений.,,
DOC0007_C04,DOC0007,Релизный процесс и управление изменениями,IT,internal,В процессе внедрения изменений ведётся мониторинг ключевых метрик системы. При обнаружении критических ошибок активируется план отката к предыдущей стабильной версии. План отката должен быть подготовлен до начала релиза.,,
DOC0007_C05,DOC0007,Релизный процесс и управление изменениями,IT,internal,"После завершения релиза проводится анализ результатов, включая оценку влияния на производительность и стабильность системы. В случае выявления проблем формируется отчёт с рекомендациями по улучшению процесса управления изменениями.",,
DOC0008_C01,DOC0008,Обработка обращений клиентов и соблюдение SLA,SUPPORT,internal,"Все обращения клиентов принимаются через официальные каналы поддержки: систему тикетов, корпоративную почту или выделенную линию. Каждому обращению автоматически присваивается уникальный номер, по которому отслеживается статус решения. Сотрудник поддержки обязан зафиксировать описание проблемы, приоритет и контактные данные клиента.",,
DOC0008_C02,DOC0008,Обработка обращений клиентов и соблюдение SLA,SUPPORT,internal,"Приоритет обращения определяется на основании влияния на бизнес клиента, количества затронутых пользователей и наличия обходного решения. В зависимости от уровня приоритета устанавливаются сроки реакции и решения, закреплённые в соглашении об уровне сервиса (SLA).",,
DOC0008_C03,DOC0008,Обработка обращений клиентов и соблюдение SLA,SUPPORT,internal,В процессе работы над обращением сотрудник обязан регулярно обновлять статус тикета и информировать клиента о ходе решения. При необходимости привлекаются технические специалисты или профильные подразделения. Эскалация выполняется в соответствии с внутренним регламентом.,,
DOC0008_C04,DOC0008,Обработка обращений клиентов и соблюдение SLA,SUPPORT,internal,"После устранения проблемы клиент получает подтверждение с описанием выполненных действий. Если решение требует дополнительных изменений или релиза, информация передаётся в соответствующую команду разработки.",,
DOC0008_C05,DOC0008,Обработка обращений клиентов и соблюдение SLA,SUPPORT,internal,Регулярно проводится анализ обращений для выявления повторяющихся проблем и улучшения качества сервиса. Метрики SLA используются для оценки эффективности работы поддержки и планирования ресурсов.,,
DOC0009_C01,DOC0009,Командировки и компенсация расходов сотрудников,FIN,restricted,"Командировка оформляется через корпоративную систему согласования с указанием цели поездки, предполагаемых дат, места назначения и бюджета. Инициатор обязан обосновать необходимость поездки и ожидаемый бизнес-результат. Заявка считается утверждённой только после согласования руководителя и финансового отдела.",,
DOC0009_C02,DOC0009,Командировки и компенсация расходов сотрудников,FIN,restricted,Бронирование билетов и проживания осуществляется в рамках установленного бюджета и через утверждённых поставщиков. Самостоятельные покупки без согласования допускаются только в исключительных случаях и требуют последующего документального подтверждения.,,
DOC0009_C03,DOC0009,Командировки и компенсация расходов сотрудников,FIN,restricted,"Компенсации подлежат расходы на транспорт, проживание и иные служебные затраты, подтверждённые первичными документами. Все чеки и счета прикладываются к авансовому отчёту в установленный срок после завершения поездки.",,
DOC0009_C04,DOC0009,Командировки и компенсация расходов сотрудников,FIN,restricted,"Расходы, не связанные напрямую с рабочими задачами, не подлежат компенсации. Финансовый отдел вправе запросить дополнительные разъяснения или отклонить компенсацию при отсутствии необходимых документов.",,
DOC0009_C05,DOC0009,Командировки и компенсация расходов сотрудников,FIN,restricted,По итогам командировки сотрудник предоставляет краткий отчёт о достигнутых результатах. Отчёт используется для оценки эффективности поездки и принятия решений о будущих командировках.,,
DOC0010_C01,DOC0010,Управление корпоративными устройствами и мобильная безопасность,IT,internal,"Корпоративные устройства, включая ноутбуки и мобильные телефоны, предоставляются сотрудникам для выполнения служебных задач и остаются собственностью компании. Каждое устройство регистрируется в системе учёта активов с указанием пользователя, серийного номера и даты выдачи. Ответственность за сохранность устройства несёт сотрудник, которому оно выдано.",,
DOC0010_C02,DOC0010,Управление корпоративными устройствами и мобильная безопасность,IT,internal,"Все устройства должны быть подключены к централизованной системе управления (MDM), обеспечивающей шифрование диска, автоматическую установку обновлений и возможность удалённой блокировки. Самостоятельное отключение профилей безопасности или изменение конфигурации запрещено без согласования с IT.",,
DOC0010_C03,DOC0010,Управление корпоративными устройствами и мобильная безопасность,IT,internal,"Подключение личных устройств к корпоративной почте или внутренним системам допускается только при соблюдении требований безопасности, включая установку корпоративного профиля защиты. В случае отказа от установки профиля доступ к рабочим ресурсам может быть ограничен.",,
DOC0010_C04,DOC0010,Управление корпоративными устройствами и мобильная безопасность,IT,internal,При утере или краже устройства сотрудник обязан незамедлительно уведомить IT-службу и своего руководителя. IT инициирует процедуру удалённой блокировки и при необходимости удалённого стирания данных для предотвращения утечки информации.,,
DOC0010_C05,DOC0010,Управление корпоративными устройствами и мобильная безопасность,IT,internal,"Возврат корпоративного устройства осуществляется при увольнении, замене оборудования или по требованию компании. Передача устройства фиксируется актом, а IT выполняет процедуру очистки и повторной подготовки к выдаче другому сотруднику.",,
DOC0011_C01,DOC0011,Внутренние коммуникации и правила деловой переписки,OPS,internal,"Эффективная внутренняя коммуникация является ключевым фактором успешной работы компании. Для рабочих обсуждений используются утверждённые каналы: корпоративная почта, мессенджеры и система управления задачами. Выбор канала зависит от характера вопроса: стратегические решения и формальные уведомления оформляются письменно, оперативные вопросы допускаются в чатах.",,
DOC0011_C02,DOC0011,Внутренние коммуникации и правила деловой переписки,OPS,internal,"При составлении делового письма необходимо чётко обозначить тему, контекст и ожидаемое действие. В письме рекомендуется кратко сформулировать проблему, предложить варианты решения и указать сроки ответа. Избыточные пересылки и добавление большого числа получателей без необходимости не допускаются.",,
DOC0011_C03,DOC0011,Внутренние коммуникации и правила деловой переписки,OPS,internal,"В рабочих чатах следует придерживаться структурированного формата: цель сообщения, описание ситуации, конкретный вопрос или задача. Для обсуждения сложных тем рекомендуется созвон с последующим кратким письменным резюме, зафиксированным в задаче или документе.",,
DOC0011_C04,DOC0011,Внутренние коммуникации и правила деловой переписки,OPS,internal,"Передача конфиденциальной информации через незащищённые каналы запрещена. Пароли, токены доступа и финансовые данные не должны публиковаться в чатах. Для передачи чувствительных данных используются утверждённые средства защиты и шифрования.",,
DOC0011_C05,DOC0011,Внутренние коммуникации и правила деловой переписки,OPS,internal,Соблюдение делового стиля и уважительного тона обязательно независимо от формата общения. Конфликты рекомендуется решать напрямую с участниками коммуникации или при необходимости с привлечением руководителя или HR. Корректная коммуникация снижает риски недопонимания и повышает эффективность совместной работы.,,
DOC0012_C01,DOC0012,Оценка эффективности сотрудников и система KPI,HR,internal,"Система оценки эффективности сотрудников направлена на обеспечение прозрачности результатов работы и согласование индивидуальных целей с целями компании. В начале отчётного периода сотруднику совместно с руководителем устанавливаются измеримые показатели эффективности (KPI), которые отражают ключевые зоны ответственности и ожидаемый вклад в развитие подразделения.",,
DOC0012_C02,DOC0012,Оценка эффективности сотрудников и система KPI,HR,internal,"KPI формируются по принципу конкретности, измеримости и достижимости. Они могут включать количественные показатели (объём продаж, соблюдение сроков, уровень дефектов) и качественные критерии (качество взаимодействия с клиентами, вклад в развитие процессов, соблюдение стандартов компании). Все показатели фиксируются в HR-системе.",,
DOC0012_C03,DOC0012,Оценка эффективности сотрудников и система KPI,HR,internal,"В течение отчётного периода руководитель проводит регулярные встречи с сотрудником для обсуждения прогресса, корректировки приоритетов и выявления возможных рисков невыполнения целей. При изменении бизнес-условий KPI могут быть пересмотрены по взаимному согласованию.",,
DOC0012_C04,DOC0012,Оценка эффективности сотрудников и система KPI,HR,internal,"По завершении периода проводится итоговая оценка, включающая анализ достигнутых результатов и обсуждение зон развития. В случае значительных отклонений от целевых показателей разрабатывается план корректирующих действий или дополнительного обучения.",,
DOC0012_C05,DOC0012,Оценка эффективности сотрудников и система KPI,HR,internal,"Результаты оценки эффективности могут использоваться при принятии решений о премировании, карьерном продвижении и формировании индивидуального плана развития. Прозрачность критериев и регулярная обратная связь являются обязательными элементами процесса.",,
DOC0013_C01,DOC0013,Управление рисками и система внутреннего контроля,OPS,restricted,"Система управления рисками направлена на выявление, оценку и минимизацию факторов, которые могут негативно повлиять на деятельность компании. Риски могут быть операционными, финансовыми, юридическими, технологическими или репутационными. Ответственные лица обязаны регулярно анализировать потенциальные угрозы в рамках своих проектов и подразделений.",,
DOC0013_C02,DOC0013,Управление рисками и система внутреннего контроля,OPS,restricted,Каждый выявленный риск классифицируется по вероятности возникновения и степени влияния на бизнес. Для значимых рисков разрабатываются меры по снижению вероятности наступления или смягчению последствий. Информация о рисках фиксируется в реестре и регулярно пересматривается.,,
DOC0013_C03,DOC0013,Управление рисками и система внутреннего контроля,OPS,restricted,"Внутренний контроль включает проверку соблюдения регламентов, финансовой дисциплины и требований информационной безопасности. Аудит может проводиться планово или по результатам выявленных отклонений. Сотрудники обязаны предоставлять достоверную информацию в рамках проверок.",,
DOC0013_C04,DOC0013,Управление рисками и система внутреннего контроля,OPS,restricted,В случае реализации риска инициируется анализ причин и разрабатывается план корректирующих действий. Руководитель проекта или подразделения несёт ответственность за внедрение мер по предотвращению повторения аналогичных ситуаций.,,
DOC0013_C05,DOC0013,Управление рисками и система внутреннего контроля,OPS,restricted,"Результаты управления рисками используются при стратегическом планировании, бюджетировании и формировании приоритетов развития. Регулярная оценка рисков повышает устойчивость компании и снижает вероятность существенных потерь.",,
DOC0014_C01,DOC0014,Продуктовая разработка и управление требованиями,IT,internal,"Процесс продуктовой разработки начинается с формализации бизнес-требований и определения целевой ценности для пользователя. Инициатор изменения или новой функции обязан описать проблему, предполагаемое решение и ожидаемый результат. Требования фиксируются в системе управления продуктом и проходят предварительную оценку со стороны продуктового менеджера.",,
DOC0014_C02,DOC0014,Продуктовая разработка и управление требованиями,IT,internal,"После первичного анализа требования декомпозируются на функциональные и нефункциональные элементы. Учитываются ограничения по производительности, безопасности, совместимости и масштабируемости. Для крупных изменений формируется техническое задание с описанием архитектурного решения.",,
DOC0014_C03,DOC0014,Продуктовая разработка и управление требованиями,IT,internal,"Перед началом разработки проводится приоритизация задач с учётом стратегических целей компании, ресурсов команды и потенциальной ценности для клиентов. Решение о включении задачи в релизный план принимается на основе согласования между продуктовой и технической командами.",,
DOC0014_C04,DOC0014,Продуктовая разработка и управление требованиями,IT,internal,"В ходе разработки изменения проходят код-ревью, тестирование и проверку соответствия исходным требованиям. Любые отклонения от первоначальной постановки должны быть задокументированы и согласованы с владельцем продукта.",,
DOC0014_C05,DOC0014,Продуктовая разработка и управление требованиями,IT,internal,После релиза проводится анализ использования функции и обратной связи от пользователей. Полученные данные используются для корректировки дальнейшего развития продукта и улучшения внутренних процессов управления требованиями.,,
DOC0015_C01,DOC0015,Управление клиентскими договорами и коммерческими предложениями,SALES,restricted,"Подготовка коммерческого предложения начинается с анализа потребностей клиента и согласования технической возможности реализации проекта. Менеджер по продажам обязан зафиксировать требования клиента, предполагаемый объём работ, сроки и ориентировочную стоимость. До отправки предложения документ проходит внутреннюю проверку на корректность расчётов и соответствие текущей ценовой политике компании.",,
DOC0015_C02,DOC0015,Управление клиентскими договорами и коммерческими предложениями,SALES,restricted,"Коммерческое предложение должно содержать описание решения, условия оплаты, сроки выполнения работ и ограничения ответственности. Все формулировки должны быть согласованы с юридическим отделом в случае отклонения от стандартного шаблона. Недопустимо давать клиенту устные или письменные обещания, не подтверждённые внутренними согласованиями.",,
DOC0015_C03,DOC0015,Управление клиентскими договорами и коммерческими предложениями,SALES,restricted,"После согласования условий с клиентом инициируется процесс подготовки договора. Проект договора загружается в систему согласования с приложением технического задания и расчёта стоимости. Юридический отдел проверяет положения о конфиденциальности, ответственности сторон, порядке оплаты и расторжения.",,
DOC0015_C04,DOC0015,Управление клиентскими договорами и коммерческими предложениями,SALES,restricted,"Подписание договора допускается только уполномоченными лицами в соответствии с внутренними полномочиями. Электронные копии подписанных документов хранятся в централизованном архиве, доступ к которому ограничен в зависимости от роли сотрудника.",,
DOC0015_C05,DOC0015,Управление клиентскими договорами и коммерческими предложениями,SALES,restricted,Все изменения условий действующего договора оформляются дополнительным соглашением и проходят повторную процедуру согласования. Отсутствие документального оформления изменений может привести к финансовым и юридическим рискам для компании.,,
DOC0016_C01,DOC0016,Управление данными и аналитическая отчётность,FIN,internal,"Данные, используемые для управленческих решений, должны быть достоверными, актуальными и полученными из официальных источников. Ответственность за корректность данных несёт владелец системы или подразделение, формирующее отчёт. Перед публикацией аналитического отчёта проводится проверка полноты информации и согласование ключевых показателей.",,
DOC0016_C02,DOC0016,Управление данными и аналитическая отчётность,FIN,internal,"Все отчёты формируются по утверждённым шаблонам, которые обеспечивают единый формат представления информации. В отчёте должны быть указаны период анализа, источник данных, методика расчёта показателей и ограничения интерпретации результатов.",,
DOC0016_C03,DOC0016,Управление данными и аналитическая отчётность,FIN,internal,Доступ к аналитическим системам предоставляется в соответствии с ролью сотрудника и уровнем ответственности. Конфиденциальные финансовые данные и показатели эффективности подразделений доступны только ограниченному кругу лиц.,,
DOC0016_C04,DOC0016,Управление данными и аналитическая отчётность,FIN,internal,При выявлении ошибок в отчётности необходимо незамедлительно уведомить владельца отчёта и инициировать корректировку. Все изменения фиксируются с указанием причины и даты обновления.,,
DOC0016_C05,DOC0016,Управление данными и аналитическая отчётность,FIN,internal,"Регулярный анализ данных используется для стратегического планирования, оценки эффективности проектов и определения направлений развития бизнеса. Системный подход к управлению данными снижает риски принятия ошибочных управленческих решений.",,
DOC0017_C01,DOC0017,Информационная архитектура и база знаний компании,OPS,internal,"Внутренняя база знаний предназначена для централизованного хранения регламентов, инструкций, технической документации и организационной информации. Основная цель системы — обеспечить быстрый доступ сотрудников к актуальным материалам и снизить зависимость от устных объяснений. Структура базы знаний строится по принципу разделения на тематические категории и подкатегории.",,
DOC0017_C02,DOC0017,Информационная архитектура и база знаний компании,OPS,internal,"Каждая статья в базе знаний должна иметь чёткий заголовок, краткое описание назначения документа и указание ответственного владельца. В тексте рекомендуется использовать структурирование: разделы, списки и выделение ключевых терминов. Дата последнего обновления указывается обязательно.",,
DOC0017_C03,DOC0017,Информационная архитектура и база знаний компании,OPS,internal,"Ответственный владелец документа обязан поддерживать его актуальность и обновлять информацию при изменении процессов. Если сотрудник обнаруживает неточность или устаревшие данные, он должен уведомить владельца или оставить комментарий в системе.",,
DOC0017_C04,DOC0017,Информационная архитектура и база знаний компании,OPS,internal,"Права доступа к разделам базы знаний настраиваются в соответствии с ролью сотрудника. Часть материалов может быть доступна только определённым подразделениям, если содержит чувствительную или стратегическую информацию.",,
DOC0017_C05,DOC0017,Информационная архитектура и база знаний компании,OPS,internal,Регулярный аудит структуры базы знаний проводится для выявления дублирующих материалов и устаревших разделов. Оптимизация структуры и корректная категоризация повышают качество поиска и эффективность использования системы.,,
DOC0018_C01,DOC0018,Киберугрозы и противодействие фишингу,IT,restricted,"Фишинг и социальная инженерия остаются одними из наиболее распространённых угроз информационной безопасности. Злоумышленники могут маскироваться под коллег, руководство или партнёров компании с целью получения учётных данных, финансовой информации или доступа к внутренним системам. Каждый сотрудник обязан проявлять осторожность при получении писем или сообщений с запросом конфиденциальных данных.",,
DOC0018_C02,DOC0018,Киберугрозы и противодействие фишингу,IT,restricted,"Признаками фишингового сообщения могут быть необычный адрес отправителя, орфографические ошибки, срочный характер запроса или вложения неизвестного происхождения. Перед переходом по ссылке необходимо проверить доменное имя и убедиться в его подлинности. При малейших сомнениях следует обратиться в IT-службу.",,
DOC0018_C03,DOC0018,Киберугрозы и противодействие фишингу,IT,restricted,"Категорически запрещено передавать пароли, одноразовые коды или ключи доступа по электронной почте или в мессенджерах. Руководство и IT-служба никогда не запрашивают подобную информацию в явном виде. Нарушение этого правила может привести к компрометации корпоративной инфраструктуры.",,
DOC0018_C04,DOC0018,Киберугрозы и противодействие фишингу,IT,restricted,В случае получения подозрительного сообщения сотрудник должен воспользоваться функцией отметки фишинга или переслать письмо в IT-службу для анализа. Быстрая реакция позволяет предотвратить массовые атаки и минимизировать возможный ущерб.,,
DOC0018_C05,DOC0018,Киберугрозы и противодействие фишингу,IT,restricted,Компания регулярно проводит обучающие мероприятия и тестовые фишинговые кампании для повышения уровня осведомлённости сотрудников. Результаты тестирования используются для улучшения программ обучения и укрепления общей культуры информационной безопасности.,,
DOC0019_C01,DOC0019,Стратегическое планирование и годовые цели компании,OPS,restricted,"Стратегическое планирование осуществляется на ежегодной основе и определяет приоритетные направления развития компании. Руководство формирует ключевые цели, исходя из анализа рыночной ситуации, конкурентной среды и внутренних ресурсов. Результатом стратегической сессии является перечень инициатив и показателей, которые должны быть достигнуты в течение отчётного периода.",,
DOC0019_C02,DOC0019,Стратегическое планирование и годовые цели компании,OPS,restricted,"Годовые цели декомпозируются до уровня подразделений и индивидуальных KPI сотрудников. Каждое направление получает конкретные измеримые показатели, сроки выполнения и ответственных лиц. Согласование целей проводится между руководителями подразделений для обеспечения согласованности действий.",,
DOC0019_C03,DOC0019,Стратегическое планирование и годовые цели компании,OPS,restricted,"В течение года проводится регулярный мониторинг выполнения стратегических целей. Отчёты о прогрессе представляются на управленческих встречах, где анализируются достижения, отклонения и корректирующие меры. При существенных изменениях рыночной ситуации цели могут быть пересмотрены.",,
DOC0019_C04,DOC0019,Стратегическое планирование и годовые цели компании,OPS,restricted,"Для оценки достижения целей используются финансовые и операционные показатели, включая выручку, рентабельность, рост клиентской базы и показатели качества сервиса. Анализ результатов позволяет определить эффективность выбранной стратегии.",,
DOC0019_C05,DOC0019,Стратегическое планирование и годовые цели компании,OPS,restricted,Документы стратегического планирования имеют ограниченный доступ и предназначены для руководителей и ключевых сотрудников. Соблюдение конфиденциальности стратегической информации является обязательным требованием для всех участников процесса.,,
DOC0020_C01,DOC0020,Управление качеством услуг и стандарты обслуживания,OPS,internal,"Система управления качеством направлена на обеспечение стабильного уровня предоставляемых услуг и соответствие ожиданиям клиентов. Основой системы являются утверждённые стандарты обслуживания, описывающие требования к срокам реакции, полноте выполнения задач и корректности коммуникации. Все сотрудники, взаимодействующие с клиентами, обязаны соблюдать данные стандарты.",,
DOC0020_C02,DOC0020,Управление качеством услуг и стандарты обслуживания,OPS,internal,"Контроль качества осуществляется через регулярный анализ обращений клиентов, мониторинг показателей SLA и выборочные проверки выполненных задач. Результаты проверок используются для выявления системных проблем и определения зон для улучшения процессов.",,
DOC0020_C03,DOC0020,Управление качеством услуг и стандарты обслуживания,OPS,internal,"В случае выявления отклонений от стандартов руководитель подразделения инициирует корректирующие действия, которые могут включать дополнительное обучение сотрудников, пересмотр процессов или обновление регламентов. Все изменения документируются и доводятся до команды.",,
DOC0020_C04,DOC0020,Управление качеством услуг и стандарты обслуживания,OPS,internal,Регулярный сбор обратной связи от клиентов позволяет оценить уровень удовлетворённости и определить направления развития сервиса. Опросы и интервью проводятся по утверждённой методике с последующим анализом результатов.,,
DOC0020_C05,DOC0020,Управление качеством услуг и стандарты обслуживания,OPS,internal,"Система управления качеством является непрерывным процессом и требует постоянного анализа и совершенствования. Ответственность за поддержание стандартов обслуживания несут руководители подразделений и сотрудники, непосредственно участвующие в оказании услуг.",,
DOC0021_C01,DOC0021,Управление изменениями организационной структуры,HR,restricted,"Изменения организационной структуры компании осуществляются в целях повышения эффективности управления, адаптации к рыночным условиям и реализации стратегических задач. Решения о создании новых подразделений, объединении команд или изменении зон ответственности принимаются руководством на основании анализа текущих бизнес-процессов и долгосрочных целей.",,
DOC0021_C02,DOC0021,Управление изменениями организационной структуры,HR,restricted,"Перед внедрением изменений проводится оценка влияния на сотрудников, проекты и ключевые процессы. Формируется план переходного периода, включающий перераспределение обязанностей, обновление должностных инструкций и корректировку прав доступа к системам.",,
DOC0021_C03,DOC0021,Управление изменениями организационной структуры,HR,restricted,"Все изменения организационной структуры оформляются официальным приказом и отражаются в кадровых и учётных системах. Сотрудники уведомляются о новых ролях, руководителях и функциональных обязанностях через внутренние каналы коммуникации.",,
DOC0021_C04,DOC0021,Управление изменениями организационной структуры,HR,restricted,В переходный период руководители подразделений обязаны обеспечить непрерывность бизнес-процессов и минимизировать риски потери информации или снижения производительности. При необходимости организуются дополнительные встречи и разъяснения для сотрудников.,,
DOC0021_C05,DOC0021,Управление изменениями организационной структуры,HR,restricted,"После завершения реорганизации проводится оценка её эффективности, включая анализ производственных показателей и уровня удовлетворённости сотрудников. Полученные результаты используются для корректировки управленческих решений в будущем.",,
DOC0022_C01,DOC0022,Управление поставщиками и выбор контрагентов,FIN,restricted,"Выбор поставщиков и контрагентов осуществляется на основе прозрачной процедуры оценки, направленной на минимизацию финансовых и юридических рисков. Перед заключением договора проводится анализ репутации компании, финансовой устойчивости и соответствия требованиям законодательства. Инициатор сотрудничества обязан предоставить обоснование выбора и ожидаемую выгоду для бизнеса.",,
DOC0022_C02,DOC0022,Управление поставщиками и выбор контрагентов,FIN,restricted,"Для крупных закупок или долгосрочных контрактов может проводиться конкурентный отбор с запросом коммерческих предложений от нескольких поставщиков. Критерии оценки включают стоимость, сроки поставки, условия оплаты, гарантии качества и уровень сервисной поддержки.",,
DOC0022_C03,DOC0022,Управление поставщиками и выбор контрагентов,FIN,restricted,"Перед подписанием договора контрагент проходит процедуру проверки на наличие ограничений, судебных споров или санкционных рисков. Юридический и финансовый отделы участвуют в согласовании ключевых условий сотрудничества.",,
DOC0022_C04,DOC0022,Управление поставщиками и выбор контрагентов,FIN,restricted,В процессе работы с поставщиком проводится регулярная оценка качества выполнения обязательств. При систематических нарушениях сроков или условий договора инициируется пересмотр сотрудничества или поиск альтернативных вариантов.,,
DOC0022_C05,DOC0022,Управление поставщиками и выбор контрагентов,FIN,restricted,Все договоры и сопутствующие документы хранятся в централизованной системе с ограничением доступа. Ответственность за актуальность информации о поставщиках несёт подразделение-инициатор сотрудничества.,,
DOC0023_C01,DOC0023,Защита интеллектуальной собственности и исходного кода,LEGAL,restricted,"Интеллектуальная собственность компании включает программный код, архитектурные решения, документацию, аналитические модели, дизайн-материалы и иные результаты интеллектуальной деятельности, созданные сотрудниками в рамках выполнения служебных обязанностей. Все такие материалы считаются собственностью компании, если иное не предусмотрено договором.",,
DOC0023_C02,DOC0023,Защита интеллектуальной собственности и исходного кода,LEGAL,restricted,Исходный код и техническая документация хранятся в централизованных репозиториях с разграничением прав доступа. Использование личных аккаунтов или сторонних платформ для хранения рабочих материалов запрещено. Регулярно выполняется резервное копирование и аудит доступа к репозиториям.,,
DOC0023_C03,DOC0023,Защита интеллектуальной собственности и исходного кода,LEGAL,restricted,Передача исходного кода или технической документации третьим лицам допускается только при наличии действующего договора и соглашения о конфиденциальности. Любые внешние публикации или демонстрации продукта должны быть предварительно согласованы с руководством.,,
DOC0023_C04,DOC0023,Защита интеллектуальной собственности и исходного кода,LEGAL,restricted,В случае выявления несанкционированного использования или утечки интеллектуальной собственности проводится внутреннее расследование. Компания вправе применять юридические меры для защиты своих прав и минимизации ущерба.,,
DOC0023_C05,DOC0023,Защита интеллектуальной собственности и исходного кода,LEGAL,restricted,Сотрудники обязаны соблюдать требования по защите интеллектуальной собственности даже после прекращения трудовых отношений. Нарушение этих обязательств может повлечь гражданско-правовую или иную ответственность в соответствии с действующим законодательством.,,
DOC0024_C01,DOC0024,Планирование и управление ресурсами проектов,OPS,internal,"Эффективное планирование ресурсов является ключевым фактором успешной реализации проектов. На этапе инициации определяется необходимый состав команды, включая роли, компетенции и предполагаемую загрузку сотрудников. Руководитель проекта согласует распределение ресурсов с руководителями подразделений.",,
DOC0024_C02,DOC0024,Планирование и управление ресурсами проектов,OPS,internal,"При планировании учитываются текущая загрузка сотрудников, приоритетность проектов и доступность ключевых специалистов. Перераспределение ресурсов между проектами допускается только после согласования с ответственными руководителями.",,
DOC0024_C03,DOC0024,Планирование и управление ресурсами проектов,OPS,internal,В процессе выполнения проекта проводится регулярный анализ фактической загрузки команды и соответствия плану. При выявлении перегрузки или нехватки ресурсов руководитель проекта обязан инициировать корректирующие меры.,,
DOC0024_C04,DOC0024,Планирование и управление ресурсами проектов,OPS,internal,"Изменения в составе команды, включая привлечение дополнительных специалистов или сокращение участия отдельных сотрудников, фиксируются в системе управления проектами. Все изменения должны быть обоснованы и документированы.",,
DOC0024_C05,DOC0024,Планирование и управление ресурсами проектов,OPS,internal,Регулярная оценка эффективности использования ресурсов позволяет оптимизировать процессы и снижать издержки. Результаты анализа используются при планировании новых проектов и формировании бюджета.,,
DOC0025_C01,DOC0025,Корпоративная этика и предотвращение конфликта интересов,HR,restricted,"Компания придерживается принципов честности, прозрачности и уважения в деловых отношениях. Каждый сотрудник обязан действовать в интересах компании и избегать ситуаций, которые могут привести к конфликту интересов. Под конфликтом интересов понимается ситуация, при которой личные интересы сотрудника могут повлиять на объективность принимаемых решений.",,
DOC0025_C02,DOC0025,Корпоративная этика и предотвращение конфликта интересов,HR,restricted,"Сотрудник обязан уведомить руководство о наличии потенциального конфликта интересов, например, если его родственники или близкие лица связаны с контрагентом компании. Несвоевременное раскрытие такой информации может привести к дисциплинарным мерам.",,
DOC0025_C03,DOC0025,Корпоративная этика и предотвращение конфликта интересов,HR,restricted,"Получение подарков, вознаграждений или иных выгод от клиентов и поставщиков допускается только в пределах установленных лимитов и должно быть задекларировано. Недопустимо принимать решения, руководствуясь личной выгодой.",,
DOC0025_C04,DOC0025,Корпоративная этика и предотвращение конфликта интересов,HR,restricted,Взаимодействие с государственными органами и партнёрами должно осуществляться в строгом соответствии с законодательством и внутренними регламентами. Запрещены любые формы коррупционного поведения.,,
DOC0025_C05,DOC0025,Корпоративная этика и предотвращение конфликта интересов,HR,restricted,Компания регулярно проводит обучающие мероприятия по вопросам деловой этики и соблюдения нормативных требований. Соблюдение этических стандартов является обязательным для всех сотрудников независимо от должности.,,
DOC0026_C01,DOC0026,Управление инцидентами и непрерывность бизнеса,IT,restricted,"Система управления инцидентами направлена на оперативное реагирование на события, которые могут привести к остановке критически важных процессов компании. К таким событиям относятся сбои инфраструктуры, кибератаки, отказ ключевых сервисов, а также внешние факторы, влияющие на деятельность бизнеса. Для каждого типа инцидента определены процедуры реагирования и ответственные лица.",,
DOC0026_C02,DOC0026,Управление инцидентами и непрерывность бизнеса,IT,restricted,"При возникновении инцидента формируется оперативная группа, которая оценивает масштаб проблемы, потенциальное влияние на клиентов и приоритет восстановления. Все действия фиксируются в системе учёта инцидентов, включая временные решения и окончательные меры по устранению причин сбоя.",,
DOC0026_C03,DOC0026,Управление инцидентами и непрерывность бизнеса,IT,restricted,"План обеспечения непрерывности бизнеса (BCP) предусматривает резервные сценарии работы в случае недоступности основных систем или офисной инфраструктуры. В рамках плана предусмотрены альтернативные каналы коммуникации, резервные площадки и процедуры восстановления данных.",,
DOC0026_C04,DOC0026,Управление инцидентами и непрерывность бизнеса,IT,restricted,"План восстановления после аварий (Disaster Recovery) включает регулярное резервное копирование данных, тестирование процедур восстановления и проверку доступности резервных сред. Ответственные подразделения обязаны проводить периодические учения для проверки готовности к чрезвычайным ситуациям.",,
DOC0026_C05,DOC0026,Управление инцидентами и непрерывность бизнеса,IT,restricted,После завершения инцидента проводится детальный анализ причин и разрабатываются корректирующие меры. Отчёт о происшествии используется для обновления планов реагирования и повышения устойчивости инфраструктуры.,,
DOC0027_C01,DOC0027,Защита коммерческой тайны и конфиденциальной информации,LEGAL,restricted,"Коммерческая тайна компании включает стратегические планы, финансовые показатели, клиентские базы, условия договоров, технологические решения и иные сведения, обладающие коммерческой ценностью. Доступ к такой информации предоставляется только сотрудникам, чьи должностные обязанности требуют её использования.",,
DOC0027_C02,DOC0027,Защита коммерческой тайны и конфиденциальной информации,LEGAL,restricted,Передача конфиденциальной информации третьим лицам допускается исключительно при наличии подписанного соглашения о неразглашении (NDA) и согласования с юридическим отделом. Документы должны передаваться через защищённые каналы связи с использованием средств шифрования.,,
DOC0027_C03,DOC0027,Защита коммерческой тайны и конфиденциальной информации,LEGAL,restricted,"Хранение материалов, содержащих коммерческую тайну, осуществляется в корпоративных системах с разграничением прав доступа. Запрещено сохранять такие данные на личных устройствах или в сторонних облачных сервисах.",,
DOC0027_C04,DOC0027,Защита коммерческой тайны и конфиденциальной информации,LEGAL,restricted,В случае утраты носителей информации или подозрения на утечку сотрудник обязан незамедлительно уведомить руководство и IT-службу. Проводится расследование с целью минимизации ущерба и предотвращения повторных инцидентов.,,
DOC0027_C05,DOC0027,Защита коммерческой тайны и конфиденциальной информации,LEGAL,restricted,"Обязанность по сохранению конфиденциальности действует как в период трудовых отношений, так и после их прекращения. Нарушение требований по защите коммерческой тайны может повлечь дисциплинарную, гражданско-правовую или иную ответственность.",,
DOC0027_C01,DOC0027,Защита коммерческой тайны и конфиденциальной информации,LEGAL,restricted,"Коммерческая тайна компании включает стратегические планы, финансовые показатели, клиентские базы, условия договоров, технологические решения и иные сведения, обладающие коммерческой ценностью. Доступ к такой информации предоставляется только сотрудникам, чьи должностные обязанности требуют её использования.",,
DOC0027_C02,DOC0027,Защита коммерческой тайны и конфиденциальной информации,LEGAL,restricted,Передача конфиденциальной информации третьим лицам допускается исключительно при наличии подписанного соглашения о неразглашении (NDA) и согласования с юридическим отделом. Документы должны передаваться через защищённые каналы связи с использованием средств шифрования.,,
DOC0027_C03,DOC0027,Защита коммерческой тайны и конфиденциальной информации,LEGAL,restricted,"Хранение материалов, содержащих коммерческую тайну, осуществляется в корпоративных системах с разграничением прав доступа. Запрещено сохранять такие данные на личных устройствах или в сторонних облачных сервисах.",,
DOC0027_C04,DOC0027,Защита коммерческой тайны и конфиденциальной информации,LEGAL,restricted,В случае утраты носителей информации или подозрения на утечку сотрудник обязан незамедлительно уведомить руководство и IT-службу. Проводится расследование с целью минимизации ущерба и предотвращения повторных инцидентов.,,
DOC0027_C05,DOC0027,Защита коммерческой тайны и конфиденциальной информации,LEGAL,restricted,"Обязанность по сохранению конфиденциальности действует как в период трудовых отношений, так и после их прекращения. Нарушение требований по защите коммерческой тайны может повлечь дисциплинарную, гражданско-правовую или иную ответственность.",,
DOC0028_C01,DOC0028,Обучение и профессиональное развитие сотрудников,HR,internal,"Компания поддерживает непрерывное профессиональное развитие сотрудников как ключевой фактор долгосрочного успеха. Обучение может включать внутренние тренинги, внешние курсы, участие в конференциях и самостоятельное изучение профильных материалов. Инициатор обучения обязан обосновать ожидаемую пользу для текущих задач или стратегических целей подразделения.",,
DOC0028_C02,DOC0028,Обучение и профессиональное развитие сотрудников,HR,internal,"Для участия во внешних образовательных программах сотрудник подаёт заявку через HR-систему с указанием стоимости, продолжительности и предполагаемого результата обучения. Решение о финансировании принимается руководителем подразделения с учётом бюджета и приоритетов развития.",,
DOC0028_C03,DOC0028,Обучение и профессиональное развитие сотрудников,HR,internal,После завершения обучения сотрудник обязан предоставить краткий отчёт о полученных знаниях и возможностях их применения в работе. При необходимости организуется внутренний обмен опытом в формате презентации или практического семинара для коллег.,,
DOC0028_C04,DOC0028,Обучение и профессиональное развитие сотрудников,HR,internal,"Планы развития формируются совместно с руководителем и включают оценку текущих компетенций, определение целевых навыков и сроков их достижения. Прогресс по плану развития обсуждается в рамках регулярных встреч по оценке эффективности.",,
DOC0028_C05,DOC0028,Обучение и профессиональное развитие сотрудников,HR,internal,"Компания может предусматривать программы наставничества и внутренней ротации для расширения профессионального опыта сотрудников. Поддержка развития способствует повышению мотивации, удержанию персонала и формированию кадрового резерва.",,
DOC0029_C01,DOC0029,Управление качеством кода и технические стандарты разработки,IT,internal,"Качество программного кода напрямую влияет на стабильность продукта, скорость развития и затраты на поддержку. В компании действуют единые стандарты разработки, которые включают требования к структуре кода, именованию переменных, обработке ошибок и документированию. Соблюдение стандартов является обязательным для всех разработчиков независимо от проекта.",,
DOC0029_C02,DOC0029,Управление качеством кода и технические стандарты разработки,IT,internal,"Все изменения в кодовой базе проходят процедуру обязательного код-ревью. Ревью направлено на выявление логических ошибок, потенциальных уязвимостей и отклонений от архитектурных принципов. Замечания по ревью должны быть устранены до слияния изменений в основную ветку.",,
DOC0029_C03,DOC0029,Управление качеством кода и технические стандарты разработки,IT,internal,"Автоматизированное тестирование является обязательным элементом процесса разработки. Для новых функций создаются модульные и интеграционные тесты, обеспечивающие проверку корректности работы системы. Отсутствие тестов допускается только при наличии обоснованного исключения.",,
DOC0029_C04,DOC0029,Управление качеством кода и технические стандарты разработки,IT,internal,"Непрерывная интеграция (CI) обеспечивает автоматическую проверку сборки, запуск тестов и статический анализ кода при каждом изменении. В случае ошибки сборки внесённые изменения должны быть исправлены до продолжения работы над другими задачами.",,
DOC0029_C05,DOC0029,Управление качеством кода и технические стандарты разработки,IT,internal,Регулярный технический аудит и рефакторинг позволяют поддерживать кодовую базу в актуальном состоянии. Ответственность за архитектурную целостность системы несут технические лиды и архитекторы проектов.,,
DOC0030_C01,DOC0030,Управление клиентскими данными и политика хранения информации,LEGAL,restricted,"Клиентские данные являются критически важным активом компании и подлежат защите в соответствии с внутренними регламентами и применимым законодательством. Под клиентскими данными понимаются контактная информация, договорные условия, история взаимодействий, финансовые показатели и иные сведения, предоставленные клиентом в рамках сотрудничества.",,
DOC0030_C02,DOC0030,Управление клиентскими данными и политика хранения информации,LEGAL,restricted,"Сбор и обработка клиентских данных допускаются исключительно в рамках служебных обязанностей и в объёме, необходимом для выполнения договорных обязательств. Доступ к таким данным предоставляется на основании роли сотрудника и фиксируется в системе управления доступами.",,
DOC0030_C03,DOC0030,Управление клиентскими данными и политика хранения информации,LEGAL,restricted,Хранение данных осуществляется в утверждённых корпоративных системах с использованием механизмов шифрования и журналирования действий пользователей. Запрещено сохранять клиентские данные на личных устройствах или передавать их через незащищённые каналы связи.,,
DOC0030_C04,DOC0030,Управление клиентскими данными и политика хранения информации,LEGAL,restricted,Сроки хранения данных определяются условиями договора и требованиями законодательства. По истечении установленного срока данные подлежат удалению или архивированию в соответствии с утверждённой процедурой.,,
DOC0030_C05,DOC0030,Управление клиентскими данными и политика хранения информации,LEGAL,restricted,В случае запроса клиента на изменение или удаление его данных компания обязана рассмотреть обращение в установленный срок и обеспечить выполнение требований в рамках действующих нормативных актов.,,
DOC0031_C01,DOC0031,Управление доступом к финансовым системам и разграничение ролей,FIN,restricted,"Финансовые системы компании содержат данные о бюджетах, платежах, договорах и отчётности, поэтому доступ к ним регулируется по принципу строгого разграничения ролей. Каждому сотруднику назначается уровень доступа в зависимости от его должностных обязанностей и зоны ответственности. Предоставление прав осуществляется только после согласования с руководителем подразделения и финансовым директором.",,
DOC0031_C02,DOC0031,Управление доступом к финансовым системам и разграничение ролей,FIN,restricted,"Система разграничения ролей предусматривает разделение функций инициирования, согласования и проведения финансовых операций. Один сотрудник не может одновременно создавать и утверждать платежные документы, если это не предусмотрено отдельным регламентом и контролем.",,
DOC0031_C03,DOC0031,Управление доступом к финансовым системам и разграничение ролей,FIN,restricted,"Все действия пользователей в финансовых системах журналируются, включая создание, изменение и удаление записей. Логи хранятся в централизованной системе и используются для внутреннего аудита и расследования возможных нарушений.",,
DOC0031_C04,DOC0031,Управление доступом к финансовым системам и разграничение ролей,FIN,restricted,"Пересмотр прав доступа осуществляется не реже одного раза в год, а также при изменении должности сотрудника или завершении его участия в проекте. Неиспользуемые и избыточные права должны быть своевременно отозваны.",,
DOC0031_C05,DOC0031,Управление доступом к финансовым системам и разграничение ролей,FIN,restricted,"Нарушение правил доступа, попытки обхода системы контроля или несанкционированное изменение финансовых данных рассматриваются как серьёзное нарушение внутренней политики и могут повлечь дисциплинарную или юридическую ответственность.",,
DOC0032_C01,DOC0032,Управление изменениями в IT-инфраструктуре и конфигурационный контроль,IT,restricted,"Изменения в IT-инфраструктуре, включая обновление серверов, сетевого оборудования, систем хранения данных и облачных сервисов, должны осуществляться по формализованной процедуре. Каждое изменение регистрируется в системе управления изменениями с указанием цели, объёма работ, затрагиваемых компонентов и потенциальных рисков.",,
DOC0032_C02,DOC0032,Управление изменениями в IT-инфраструктуре и конфигурационный контроль,IT,restricted,"Перед внедрением изменений проводится оценка влияния на производительность, безопасность и доступность сервисов. Для критических систем требуется согласование с ответственными владельцами сервисов и уведомление заинтересованных подразделений.",,
DOC0032_C03,DOC0032,Управление изменениями в IT-инфраструктуре и конфигурационный контроль,IT,restricted,"Конфигурационные параметры инфраструктуры хранятся в централизованном репозитории с версионным контролем. Любые изменения конфигурации фиксируются с указанием автора, даты и причины изменения.",,
DOC0032_C04,DOC0032,Управление изменениями в IT-инфраструктуре и конфигурационный контроль,IT,restricted,"Для минимизации рисков внедрение изменений осуществляется в согласованные временные окна. При необходимости разрабатывается план отката, позволяющий быстро восстановить предыдущую стабильную конфигурацию.",,
DOC0032_C05,DOC0032,Управление изменениями в IT-инфраструктуре и конфигурационный контроль,IT,restricted,После завершения работ проводится проверка корректности функционирования затронутых систем и обновление технической документации. Регулярный аудит конфигураций помогает предотвращать накопление технического долга и снижать вероятность инцидентов.,,
DOC0033_C01,DOC0033,Управление внутренними нормативными документами и регламентами,OPS,internal,"Внутренние нормативные документы и регламенты определяют порядок выполнения ключевых процессов компании и являются обязательными для соблюдения всеми сотрудниками. Каждый документ должен иметь утверждённую версию, дату вступления в силу и назначенного владельца, ответственного за актуальность содержания.",,
DOC0033_C02,DOC0033,Управление внутренними нормативными документами и регламентами,OPS,internal,"Процесс разработки нового регламента включает подготовку проекта документа, согласование с заинтересованными подразделениями и утверждение руководством. Все замечания и правки фиксируются в системе управления документами для обеспечения прозрачности изменений.",,
DOC0033_C03,DOC0033,Управление внутренними нормативными документами и регламентами,OPS,internal,После утверждения регламент публикуется во внутренней базе знаний и доводится до сотрудников через официальные каналы коммуникации. При необходимости организуются обучающие мероприятия или разъяснительные встречи.,,
DOC0033_C04,DOC0033,Управление внутренними нормативными документами и регламентами,OPS,internal,Изменения в действующие документы оформляются новой версией с указанием перечня корректировок. Предыдущие версии сохраняются в архиве для возможности отслеживания истории изменений.,,
DOC0033_C05,DOC0033,Управление внутренними нормативными документами и регламентами,OPS,internal,Регулярный пересмотр нормативных документов проводится с целью актуализации процессов и приведения их в соответствие с изменениями законодательства или стратегических приоритетов компании.,,
DOC0034_C01,DOC0034,Управление закупками оборудования и IT-активами,OPS,restricted,"Закупка оборудования и IT-активов осуществляется на основании утверждённой потребности подразделения и с учётом действующего бюджета. Инициатор закупки обязан обосновать необходимость приобретения, указать предполагаемое назначение и ожидаемый срок эксплуатации оборудования.",,
DOC0034_C02,DOC0034,Управление закупками оборудования и IT-активами,OPS,restricted,"Перед размещением заказа проводится анализ доступных предложений на рынке с оценкой стоимости, технических характеристик и условий поставки. Для дорогостоящих закупок может проводиться конкурентный отбор поставщиков.",,
DOC0034_C03,DOC0034,Управление закупками оборудования и IT-активами,OPS,restricted,"После поставки оборудование регистрируется в системе учёта активов с присвоением инвентарного номера и закреплением за ответственным сотрудником. Учитываются дата приобретения, гарантийный срок и технические параметры.",,
DOC0034_C04,DOC0034,Управление закупками оборудования и IT-активами,OPS,restricted,Эксплуатация оборудования должна соответствовать установленным требованиям безопасности и инструкциям производителя. Запрещено самостоятельное вмешательство в конструкцию устройства без согласования с ответственным подразделением.,,
DOC0034_C05,DOC0034,Управление закупками оборудования и IT-активами,OPS,restricted,По окончании срока эксплуатации оборудование подлежит списанию или модернизации в соответствии с внутренней процедурой. Решение о списании принимается комиссией с оформлением соответствующих документов.,,
DOC0035_C01,DOC0035,"Что делать, если забыл пароль от корпоративной почты",IT,internal,"Если вы не можете войти в корпоративную почту из-за ошибки пароля, в первую очередь убедитесь, что используете актуальную раскладку клавиатуры и не включён режим Caps Lock. Часто проблема связана с автоматической сменой языка или сохранёнными старыми данными в браузере. Попробуйте повторить ввод пароля вручную, не используя автозаполнение.",,
DOC0035_C02,DOC0035,"Что делать, если забыл пароль от корпоративной почты",IT,internal,"Если пароль действительно утерян, воспользуйтесь функцией восстановления доступа на странице входа. Система предложит подтвердить личность через двухфакторную аутентификацию или резервный метод входа. После успешного подтверждения создайте новый пароль, соответствующий требованиям безопасности компании.",,
DOC0035_C03,DOC0035,"Что делать, если забыл пароль от корпоративной почты",IT,internal,Новый пароль должен быть уникальным и не совпадать с ранее использованными комбинациями. Рекомендуется использовать парольную фразу длиной не менее установленного минимума символов. Не записывайте пароль в открытых документах или заметках без защиты.,,
DOC0035_C04,DOC0035,"Что делать, если забыл пароль от корпоративной почты",IT,internal,"После смены пароля необходимо обновить данные для входа на всех устройствах, включая мобильные телефоны, почтовые клиенты и VPN, если используется единая учётная запись. В противном случае возможна временная блокировка из-за повторных попыток входа со старым паролем.",,
DOC0035_C05,DOC0035,"Что делать, если забыл пароль от корпоративной почты",IT,internal,"Если восстановление через стандартную форму невозможно, создайте заявку в сервис-деск с указанием проблемы и контактного номера. Сотрудник IT-службы может временно сбросить пароль после проверки личности. Никогда не передавайте свой пароль коллегам или третьим лицам.",,
DOC0036_C01,DOC0036,"Что делать, если не работает VPN",IT,internal,"Если VPN не подключается, сначала проверьте наличие стабильного интернет-соединения. Попробуйте открыть любой внешний сайт. Если интернет отсутствует или работает нестабильно, проблема, скорее всего, не связана с корпоративной сетью. Перезапустите роутер или переключитесь на другую сеть и повторите попытку подключения.",,
DOC0036_C02,DOC0036,"Что делать, если не работает VPN",IT,internal,"Если интернет работает, но VPN выдаёт ошибку авторизации, убедитесь, что вы используете актуальный пароль и корректно вводите код двухфакторной аутентификации. Проверьте, не истёк ли срок действия пароля. При необходимости выполните смену пароля через корпоративный портал.",,
DOC0036_C03,DOC0036,"Что делать, если не работает VPN",IT,internal,Иногда проблема связана с устаревшей версией VPN-клиента. Откройте настройки приложения и проверьте наличие обновлений. Также попробуйте полностью выйти из клиента и запустить его повторно. В некоторых случаях помогает перезагрузка устройства.,,
DOC0036_C04,DOC0036,"Что делать, если не работает VPN",IT,internal,"Если VPN подключается, но внутренние ресурсы не открываются, проверьте, отключён ли прокси или сторонние сетевые фильтры. Убедитесь, что подключение отображается как активное и назначен внутренний IP-адрес. Попробуйте переподключиться к профилю Corporate.",,
DOC0036_C05,DOC0036,"Что делать, если не работает VPN",IT,internal,"Если ни один из шагов не помог, создайте заявку в сервис-деск с указанием текста ошибки и времени возникновения проблемы. По возможности приложите скриншот. Это ускорит диагностику и позволит IT-службе оперативно восстановить доступ.",,
DOC0037_C01,DOC0037,Как оформить отпуск через корпоративную систему,HR,internal,"Чтобы оформить отпуск, войдите в корпоративную HR-систему под своей учётной записью и откройте раздел «Отсутствия» или «Отпуска». В календаре выберите предполагаемые даты начала и окончания отпуска. Перед подачей заявки убедитесь, что согласовали период с непосредственным руководителем.",,
DOC0037_C02,DOC0037,Как оформить отпуск через корпоративную систему,HR,internal,"После выбора дат укажите тип отпуска: ежегодный оплачиваемый, без сохранения заработной платы или иной предусмотренный регламентом. Система автоматически отобразит доступное количество дней. Если дней недостаточно, заявка может быть отклонена.",,
DOC0037_C03,DOC0037,Как оформить отпуск через корпоративную систему,HR,internal,В комментарии к заявке рекомендуется указать информацию о передаче задач и контактное лицо на период вашего отсутствия. Это упростит согласование и обеспечит непрерывность работы команды.,,
DOC0037_C04,DOC0037,Как оформить отпуск через корпоративную систему,HR,internal,После отправки заявка поступает на согласование руководителю. До получения статуса «Подтверждено» отпуск не считается утверждённым. Рекомендуется проверить статус в системе перед планированием поездки.,,
DOC0037_C05,DOC0037,Как оформить отпуск через корпоративную систему,HR,internal,"Если необходимо изменить даты отпуска, откройте существующую заявку и создайте запрос на изменение. Самовольное отсутствие без подтверждённой заявки может быть зафиксировано как нарушение трудовой дисциплины.",,
DOC0038_C01,DOC0038,Как запросить справку 2-НДФЛ или другие кадровые документы,HR,internal,"Если вам требуется справка 2-НДФЛ, справка о доходах или копия трудового договора, откройте HR-систему и перейдите в раздел «Запрос документов». Выберите тип документа из списка и укажите период, за который требуется информация.",,
DOC0038_C02,DOC0038,Как запросить справку 2-НДФЛ или другие кадровые документы,HR,internal,"В форме запроса необходимо указать цель получения документа, если это требуется, а также способ получения — электронная версия или бумажная копия. Электронные документы направляются на корпоративную почту в формате PDF с электронной подписью.",,
DOC0038_C03,DOC0038,Как запросить справку 2-НДФЛ или другие кадровые документы,HR,internal,"Срок подготовки документа зависит от типа запроса, но обычно не превышает установленного внутренним регламентом периода. В случае срочной необходимости рекомендуется указать это в комментарии и дополнительно уведомить HR.",,
DOC0038_C04,DOC0038,Как запросить справку 2-НДФЛ или другие кадровые документы,HR,internal,"Если документ требуется для предоставления в банк или государственные органы, убедитесь, что выбран корректный формат и период. При обнаружении ошибки в выданной справке необходимо создать повторный запрос с пояснением.",,
DOC0038_C05,DOC0038,Как запросить справку 2-НДФЛ или другие кадровые документы,HR,internal,"Полученные документы содержат персональные данные, поэтому их следует хранить и передавать с соблюдением правил конфиденциальности. Запрещено пересылать такие файлы в общие чаты или сторонние сервисы без необходимости.",,
DOC0039_C01,DOC0039,"Что делать, если клиент просит скидку",SALES,restricted,"Если клиент запрашивает скидку, не подтверждайте её сразу в устной или письменной форме. Сначала уточните причину запроса: бюджетные ограничения, сравнение с конкурентами или увеличение объёма заказа. Важно понять мотивацию клиента, чтобы предложить обоснованное решение.",,
DOC0039_C02,DOC0039,"Что делать, если клиент просит скидку",SALES,restricted,Перед обсуждением условий проверьте текущую маржинальность сделки и минимально допустимый уровень скидки. Все расчёты должны основываться на утверждённой ценовой политике компании. Самостоятельное изменение стоимости без согласования запрещено.,,
DOC0039_C03,DOC0039,"Что делать, если клиент просит скидку",SALES,restricted,"Если скидка возможна, оформите запрос на согласование через CRM или финансовую систему с указанием размера скидки, причины и предполагаемого объёма сделки. Решение принимается руководителем отдела продаж или финансовым отделом в зависимости от суммы.",,
DOC0039_C04,DOC0039,"Что делать, если клиент просит скидку",SALES,restricted,"В качестве альтернативы прямой скидке можно предложить дополнительные условия: увеличение срока контракта, расширение объёма услуг, поэтапную оплату или бонусные опции. Такой подход позволяет сохранить маржинальность и укрепить отношения с клиентом.",,
DOC0039_C05,DOC0039,"Что делать, если клиент просит скидку",SALES,restricted,После получения согласования зафиксируйте обновлённые условия в коммерческом предложении и CRM. Любые изменения стоимости должны быть отражены в договоре. Устные договорённости без документального подтверждения недопустимы.,,
DOC0040_C01,DOC0040,Как подключиться к корпоративному Wi-Fi в офисе,IT,internal,"Для подключения к корпоративной сети Wi-Fi откройте список доступных беспроводных сетей на устройстве и выберите сеть с названием Corporate или Office. Убедитесь, что вы находитесь в зоне уверенного сигнала. Если сеть не отображается, попробуйте обновить список или перезапустить Wi-Fi на устройстве.",,
DOC0040_C02,DOC0040,Как подключиться к корпоративному Wi-Fi в офисе,IT,internal,"Авторизация в сети осуществляется с использованием корпоративной учётной записи. Введите логин и пароль, которые используются для входа в почту и внутренние системы. При первом подключении может потребоваться установка сертификата безопасности — следуйте инструкциям на экране.",,
DOC0040_C03,DOC0040,Как подключиться к корпоративному Wi-Fi в офисе,IT,internal,"Если появляется ошибка аутентификации, проверьте корректность пароля и убедитесь, что срок его действия не истёк. При смене пароля ранее сохранённые данные на устройстве необходимо обновить вручную, удалив старую сеть и подключившись заново.",,
DOC0040_C04,DOC0040,Как подключиться к корпоративному Wi-Fi в офисе,IT,internal,"Для гостей и подрядчиков используется отдельная гостевая сеть. Доступ к ней оформляется через сотрудника компании, который регистрирует посетителя в системе. Гостевая сеть не предоставляет доступа к внутренним ресурсам.",,
DOC0040_C05,DOC0040,Как подключиться к корпоративному Wi-Fi в офисе,IT,internal,"Если подключение к Wi-Fi нестабильно или отсутствует доступ к внутренним сервисам, обратитесь в IT-службу через сервис-деск. Укажите модель устройства, операционную систему и точное описание проблемы для ускорения диагностики.",,
DOC0041_C01,DOC0041,Как создать новую задачу в системе трекинга,OPS,internal,"Чтобы создать новую задачу, войдите в систему управления задачами под своей корпоративной учётной записью и выберите проект, к которому относится работа. Нажмите кнопку «Создать задачу» и заполните обязательные поля: краткое название, описание и тип задачи.",,
DOC0041_C02,DOC0041,Как создать новую задачу в системе трекинга,OPS,internal,"В описании задачи необходимо указать контекст, ожидаемый результат и критерии готовности. Если задача связана с ошибкой, добавьте шаги воспроизведения и фактическое поведение системы. Чем подробнее описание, тем меньше уточняющих вопросов возникнет у исполнителя.",,
DOC0041_C03,DOC0041,Как создать новую задачу в системе трекинга,OPS,internal,"Назначьте ответственное лицо и установите приоритет. Приоритет определяется влиянием на клиентов или сроки проекта. Если задача срочная, дополнительно уведомите исполнителя через рабочий канал связи.",,
DOC0041_C04,DOC0041,Как создать новую задачу в системе трекинга,OPS,internal,"При необходимости прикрепите файлы, скриншоты или ссылки на связанные документы. Убедитесь, что вложения не содержат конфиденциальных данных, доступ к которым ограничен.",,
DOC0041_C05,DOC0041,Как создать новую задачу в системе трекинга,OPS,internal,"После создания задачи следите за её статусом и своевременно отвечайте на комментарии исполнителя. Если приоритет или требования изменились, обновите описание и уведомите участников.",,
DOC0042_C01,DOC0042,"Что делать, если потерял пропуск в офис",OPS,internal,"Если вы обнаружили потерю пропуска, немедленно сообщите об этом в офис-менеджмент или службу безопасности. Это необходимо для оперативной блокировки доступа и предотвращения несанкционированного прохода в офис.",,
DOC0042_C02,DOC0042,"Что делать, если потерял пропуск в офис",OPS,internal,После уведомления сотрудник службы безопасности заблокирует утерянный пропуск в системе контроля доступа. До получения нового пропуска временный доступ может быть оформлен через администратора на ресепшене.,,
DOC0042_C03,DOC0042,"Что делать, если потерял пропуск в офис",OPS,internal,Для оформления нового пропуска необходимо подать заявку через внутреннюю систему или обратиться к ответственному сотруднику. В заявке укажите обстоятельства утраты и контактные данные для связи.,,
DOC0042_C04,DOC0042,"Что делать, если потерял пропуск в офис",OPS,internal,В случае обнаружения утерянного пропуска после блокировки его повторное использование невозможно. Старый пропуск должен быть передан в офис-менеджмент для утилизации.,,
DOC0042_C05,DOC0042,"Что делать, если потерял пропуск в офис",OPS,internal,Сотрудник несёт ответственность за сохранность выданного пропуска. Повторные случаи утраты могут повлечь дополнительную проверку или ограничения доступа.,,
DOC0043_C01,DOC0043,Как оформить срочную командировку,FIN,restricted,"Если возникла необходимость срочной командировки, сначала согласуйте поездку с непосредственным руководителем и подтвердите цель визита. В случае ограниченного времени допускается предварительное устное согласование с последующим оформлением заявки в системе.",,
DOC0043_C02,DOC0043,Как оформить срочную командировку,FIN,restricted,"В корпоративной системе создайте заявку на командировку с пометкой «Срочно». Укажите даты поездки, место назначения, ориентировочный бюджет и краткое обоснование срочности. Это ускорит рассмотрение заявки финансовым отделом.",,
DOC0043_C03,DOC0043,Как оформить срочную командировку,FIN,restricted,При отсутствии времени на стандартную процедуру бронирования допускается самостоятельная покупка билетов и бронирование проживания. В таком случае необходимо сохранить все подтверждающие документы для последующего отчёта.,,
DOC0043_C04,DOC0043,Как оформить срочную командировку,FIN,restricted,"После возвращения из поездки сотрудник обязан в установленный срок предоставить авансовый отчёт с приложением билетов, счетов и иных подтверждающих документов. Отсутствие документов может повлиять на компенсацию расходов.",,
DOC0043_C05,DOC0043,Как оформить срочную командировку,FIN,restricted,Даже при срочной поездке необходимо соблюдать внутренние лимиты расходов и требования политики командировок. При существенном превышении бюджета требуется дополнительное согласование.,,
DOC0044_C01,DOC0044,"Что делать, если не начислили зарплату или есть ошибка в расчёте",HR,restricted,"Если в день выплаты заработной платы средства не поступили на банковский счёт или сумма отличается от ожидаемой, прежде всего проверьте расчётный лист в HR-системе. В разделе «Начисления» отображаются оклад, премии, удержания и иные выплаты за текущий период. Обратите внимание на возможные изменения в налоговых удержаниях, отпускные, больничные или корректировки за предыдущие периоды.",,
DOC0044_C02,DOC0044,"Что делать, если не начислили зарплату или есть ошибка в расчёте",HR,restricted,"Если вы обнаружили расхождение между ожидаемой суммой и фактическим начислением, зафиксируйте конкретную разницу и предполагаемую причину. Например, отсутствие премии, некорректный учёт переработки или неверное количество рабочих дней. Подготовьте информацию до обращения в бухгалтерию — это ускорит проверку.",,
DOC0044_C03,DOC0044,"Что делать, если не начислили зарплату или есть ошибка в расчёте",HR,restricted,"Для уточнения создайте обращение через HR-систему в категории «Заработная плата и расчёты». В заявке укажите период, по которому возник вопрос, и приложите скриншот расчётного листа при необходимости. Срок рассмотрения обращения определяется внутренним регламентом и зависит от сложности ситуации.",,
DOC0044_C04,DOC0044,"Что делать, если не начислили зарплату или есть ошибка в расчёте",HR,restricted,"Если ошибка подтверждается, бухгалтерия инициирует корректировку начислений в следующем платёжном периоде или отдельным переводом. В случае технической задержки со стороны банка рекомендуется дополнительно проверить корректность реквизитов, указанных в HR-системе.",,
DOC0044_C05,DOC0044,"Что делать, если не начислили зарплату или есть ошибка в расчёте",HR,restricted,Запрещается обсуждать вопросы начисления заработной платы в общих чатах или передавать расчётные листы третьим лицам. Информация о доходах относится к конфиденциальной категории данных и обрабатывается только через официальные каналы взаимодействия с HR и бухгалтерией.,,
DOC0045_C01,DOC0045,"Что делать, если компьютер работает медленно",IT,internal,"Если рабочий компьютер начал работать заметно медленнее, чем обычно, сначала обратите внимание на признаки проблемы: долго открываются программы, зависает браузер, система не реагирует на действия или слышна постоянная работа вентилятора. Часто замедление связано с большим количеством одновременно запущенных приложений или обновлений, работающих в фоновом режиме.",,
DOC0045_C02,DOC0045,"Что делать, если компьютер работает медленно",IT,internal,"Откройте диспетчер задач и проверьте загрузку процессора, оперативной памяти и диска. Если один из показателей близок к максимальному значению, закройте ненужные программы или вкладки браузера. Иногда достаточно перезагрузить устройство, чтобы завершить зависшие процессы и освободить ресурсы.",,
DOC0045_C03,DOC0045,"Что делать, если компьютер работает медленно",IT,internal,"Замедление может быть вызвано автоматической установкой обновлений или антивирусной проверкой. В таком случае дождитесь завершения процесса и не выключайте устройство принудительно. Если проблема повторяется регулярно, возможно, требуется обновление программного обеспечения или диагностика оборудования.",,
DOC0045_C04,DOC0045,"Что делать, если компьютер работает медленно",IT,internal,Не рекомендуется самостоятельно устанавливать сторонние программы для «ускорения системы» или изменять системные настройки без согласования с IT. Такие действия могут привести к нестабильной работе или нарушению политики безопасности.,,
DOC0045_C05,DOC0045,"Что делать, если компьютер работает медленно",IT,internal,"Если после выполнения базовых шагов производительность не восстанавливается, создайте заявку в сервис-деск с описанием симптомов, времени возникновения проблемы и используемых программ. По возможности приложите скриншот показателей загрузки системы для ускорения диагностики.",,
DOC0046_C01,DOC0046,Как оформить удалённую работу на длительный период,HR,internal,"Если вы планируете работать удалённо более нескольких дней, необходимо заранее согласовать формат работы с непосредственным руководителем. Обсудите причины перехода на удалённый режим, предполагаемую продолжительность и влияние на текущие задачи. Важно убедиться, что формат работы не повлияет на сроки проектов и взаимодействие с командой.",,
DOC0046_C02,DOC0046,Как оформить удалённую работу на длительный период,HR,internal,"После предварительного согласования создайте заявку в HR-системе с указанием периода удалённой работы и контактных данных. В заявке рекомендуется указать рабочие часы, часовой пояс (если вы находитесь в другой стране) и способ связи в экстренных случаях.",,
DOC0046_C03,DOC0046,Как оформить удалённую работу на длительный период,HR,internal,"Перед началом удалённой работы убедитесь, что у вас есть стабильное интернет-соединение и доступ к корпоративным системам через VPN. Рабочее место должно соответствовать требованиям конфиденциальности: экран не должен быть доступен третьим лицам, а документы — храниться в защищённом виде.",,
DOC0046_C04,DOC0046,Как оформить удалённую работу на длительный период,HR,internal,В период удалённой работы сотрудник обязан быть доступен в согласованные часы и своевременно отвечать на сообщения коллег и клиентов. Встречи и совещания проводятся в онлайн-формате с использованием утверждённых корпоративных сервисов.,,
DOC0046_C05,DOC0046,Как оформить удалённую работу на длительный период,HR,internal,По окончании согласованного периода необходимо уведомить руководителя о возвращении к стандартному режиму работы или продлить удалённый формат через новую заявку. Несогласованное продление удалённой работы может рассматриваться как нарушение внутреннего порядка.,,
DOC0047_C01,DOC0047,Как подготовиться к встрече с новым клиентом,SALES,internal,"Перед первой встречей с новым клиентом изучите информацию о компании: сферу деятельности, масштаб бизнеса, ключевые продукты и возможные точки роста. Рекомендуется проверить официальный сайт, публичные отчёты и профиль компании в деловых источниках. Это позволит адаптировать презентацию под реальные потребности клиента.",,
DOC0047_C02,DOC0047,Как подготовиться к встрече с новым клиентом,SALES,internal,"Определите цель встречи заранее: первичное знакомство, уточнение требований, презентация решения или согласование коммерческих условий. Подготовьте краткую структуру разговора и список уточняющих вопросов, чтобы управлять диалогом и не упустить важные детали.",,
DOC0047_C03,DOC0047,Как подготовиться к встрече с новым клиентом,SALES,internal,"Если планируется демонстрация продукта, заранее проверьте работоспособность презентации, демо-версии и доступ к интернету. Желательно подготовить примеры кейсов или сценариев использования, которые релевантны отрасли клиента.",,
DOC0047_C04,DOC0047,Как подготовиться к встрече с новым клиентом,SALES,internal,"Во время встречи фиксируйте ключевые договорённости, требования и вопросы клиента. После завершения разговора направьте краткое резюме с подтверждением дальнейших шагов и сроков. Это снижает риск недопонимания и укрепляет доверие.",,
DOC0047_C05,DOC0047,Как подготовиться к встрече с новым клиентом,SALES,internal,"Если в процессе обсуждения возникают вопросы вне вашей зоны компетенции, не давайте неподтверждённых обещаний. Зафиксируйте вопрос и согласуйте ответ с техническими или финансовыми специалистами перед отправкой клиенту.",,
DOC0048_C01,DOC0048,"Что делать, если дедлайн проекта под угрозой",OPS,internal,"Если вы понимаете, что срок выполнения задачи или всего проекта может быть сорван, не откладывайте уведомление до последнего дня. Как только появляется риск задержки — нехватка ресурсов, изменение требований или технические сложности — необходимо зафиксировать проблему и оценить масштаб отклонения от плана.",,
DOC0048_C02,DOC0048,"Что делать, если дедлайн проекта под угрозой",OPS,internal,"Проанализируйте причины возможной задержки: недооценка объёма работ, зависимость от внешнего подрядчика, отсутствие согласования со стороны клиента или внутренние блокеры. Важно разделить объективные факторы и организационные проблемы, чтобы предложить реалистичный план корректировки.",,
DOC0048_C03,DOC0048,"Что делать, если дедлайн проекта под угрозой",OPS,internal,"Сообщите о риске руководителю проекта и заинтересованным сторонам с конкретными цифрами: сколько времени требуется дополнительно, какие задачи затронуты и какие последствия возможны. Избегайте формулировок без фактов — лучше предоставить чёткую оценку и варианты решения.",,
DOC0048_C04,DOC0048,"Что делать, если дедлайн проекта под угрозой",OPS,internal,"Возможные действия включают перераспределение задач внутри команды, временное увеличение ресурсов, сокращение объёма работ в рамках текущего релиза или согласование нового срока с заказчиком. Любые изменения должны быть зафиксированы в системе управления проектами.",,
DOC0048_C05,DOC0048,"Что делать, если дедлайн проекта под угрозой",OPS,internal,"После стабилизации ситуации рекомендуется провести краткий анализ причин отклонения от плана, чтобы избежать повторения подобных случаев. Выводы фиксируются в документации проекта и используются при оценке будущих сроков.",,
DOC0049_C01,DOC0049,Как запросить новое оборудование или замену ноутбука,IT,internal,"Если рабочий ноутбук устарел, регулярно зависает или не справляется с текущими задачами, необходимо оценить, связана ли проблема с программным обеспечением или ограничениями оборудования. Перед подачей заявки рекомендуется проверить загрузку системы, объём свободной памяти и состояние диска.",,
DOC0049_C02,DOC0049,Как запросить новое оборудование или замену ноутбука,IT,internal,"Для оформления запроса создайте заявку в сервис-деск в категории «Оборудование». Укажите модель текущего устройства, основные проблемы и обоснование необходимости замены. Если запрос связан с новыми рабочими задачами, опишите требования к производительности.",,
DOC0049_C03,DOC0049,Как запросить новое оборудование или замену ноутбука,IT,internal,"IT-служба может предложить предварительную диагностику или модернизацию устройства, например увеличение оперативной памяти или замену накопителя. Полная замена оборудования производится при подтверждении технической необходимости.",,
DOC0049_C04,DOC0049,Как запросить новое оборудование или замену ноутбука,IT,internal,"При согласовании нового устройства учитываются доступный бюджет, стандартные конфигурации компании и специфика задач сотрудника. Для разработчиков, дизайнеров или аналитиков могут использоваться разные типы конфигураций.",,
DOC0049_C05,DOC0049,Как запросить новое оборудование или замену ноутбука,IT,internal,"После одобрения заявки сотрудник получает уведомление о сроках поставки и передачи оборудования. Старое устройство подлежит возврату в IT-службу для диагностики, очистки данных и дальнейшего использования или списания.",,
DOC0050_C01,DOC0050,"Как действовать, если клиент недоволен качеством услуги",SUPPORT,internal,"Если клиент выражает недовольство качеством услуги, важно в первую очередь выслушать его позицию без перебивания и попыток сразу оправдаться. Зафиксируйте конкретные претензии: что именно не соответствует ожиданиям, в какой момент возникла проблема и какие последствия это повлекло для клиента.",,
DOC0050_C02,DOC0050,"Как действовать, если клиент недоволен качеством услуги",SUPPORT,internal,"Не вступайте в спор и не перекладывайте ответственность на других сотрудников или подразделения. Даже если проблема возникла по объективным причинам, клиент ожидает решения, а не объяснений внутренних процессов. Подтвердите, что вопрос будет рассмотрен и предложите конкретные шаги.",,
DOC0050_C03,DOC0050,"Как действовать, если клиент недоволен качеством услуги",SUPPORT,internal,"Передайте информацию ответственному руководителю или профильной команде, указав детали ситуации и возможные риски. Если проблема затрагивает условия договора или финансовые аспекты, дополнительно уведомите отдел продаж или юридическую службу.",,
DOC0050_C04,DOC0050,"Как действовать, если клиент недоволен качеством услуги",SUPPORT,internal,"После анализа ситуации подготовьте клиенту структурированный ответ: признание проблемы, описание предпринятых действий и срок окончательного решения. Если уместно, можно предложить компенсационные меры в рамках утверждённой политики компании.",,
DOC0050_C05,DOC0050,"Как действовать, если клиент недоволен качеством услуги",SUPPORT,internal,"После урегулирования конфликта рекомендуется провести внутренний разбор причин и зафиксировать выводы. Повторяющиеся жалобы могут указывать на системную проблему, требующую изменения процесса или стандарта обслуживания.",,
